{
   "module":"mExamine",

   "function":"mExamine",

   "desc" : "mExamine returns file and optionally region statistics.",

   "arguments":
   [
      {"type":"string",                    "name":"infile",        "desc":"FITS file to examine."},
      {"type":"int",     "default":0,      "name":"areaMode",      "desc":"Examine the image in general (0:NONE) a specific region with radius (1:AREA) or  perform aperture photometry out to a fixed radius (2:APPHOT)."},
      {"type":"int",     "default":0,      "name":"hdu",           "desc":"Optional HDU offset for input file."},
      {"type":"int",     "default":1,      "name":"plane3",        "desc":"If datacube, the plane index for dimension 3."},
      {"type":"int",     "default":1,      "name":"plane4",        "desc":"If datacube, the plane index for dimension 4."},
      {"type":"double",  "default":0,      "name":"ra",            "desc":"RA for region statistics."},
      {"type":"double",  "default":0,      "name":"dec",           "desc":"Dec for region statistics."},
      {"type":"double",  "default":1,      "name":"radius",        "desc":"Radius for region statistics."},
      {"type":"boolean", "default":false,  "name":"locinpix",      "desc":"The coordinates are actually in pixels."},
      {"type":"boolean", "default":false,  "name":"radinpix",      "desc":"The radius is actually in pixels."},
      {"type":"int",     "default":0,      "name":"debug",         "desc":"Debugging output level."} 
   ],

   "return":
   [
      {"type":"int",                        "name":"status",        "desc":"Return status (0: OK, 1:ERROR)."},
      {"type":"string",                     "name":"msg",           "desc":"Return message (for errors)."},
      {"type":"string",                     "name":"proj",          "desc":"Image projection."},
      {"type":"string",                     "name":"csys",          "desc":"Coordinate system."},
      {"type":"double",                     "name":"equinox",       "desc":"Coordinate system equinox."},
      {"type":"int",                        "name":"naxis",         "desc":"Number of axes."},
      {"type":"int",                        "name":"naxis1",        "desc":"First axis size."},
      {"type":"int",                        "name":"naxis2",        "desc":"Second axis size."},
      {"type":"int",                        "name":"naxis3",        "desc":"Third axis size (if it exists)."},
      {"type":"int",                        "name":"naxis4",        "desc":"Fourth axis size (if it exists)."},
      {"type":"double",                     "name":"crval1",        "desc":"Axis 1 sky reference value."},
      {"type":"double",                     "name":"crval2",        "desc":"Axis 2 sky reference value."},
      {"type":"double",                     "name":"crpix1",        "desc":"Axis 1 reference pixel."},
      {"type":"double",                     "name":"crpix2",        "desc":"Axis 2 reference pixel."},
      {"type":"double",                     "name":"cdelt1",        "desc":"Axis 1 pixel scale."},
      {"type":"double",                     "name":"cdelt2",        "desc":"Axis 2 pixel scale."},
      {"type":"double",                     "name":"crota2",        "desc":"Image rotation on sky."},
      {"type":"double",                     "name":"lonc",          "desc":"Longitude of the image center."},
      {"type":"double",                     "name":"latc",          "desc":"Latitude of the image center."},
      {"type":"double",                     "name":"ximgsize",      "desc":"Axis 1 size on the sky."},
      {"type":"double",                     "name":"yimgsize",      "desc":"Axis 2 size on the sky."},
      {"type":"double",                     "name":"rotequ",        "desc":"Rotation of image relative to Equatorial North"},
      {"type":"double",                     "name":"rac",           "desc":"RA of the image center."},
      {"type":"double",                     "name":"decc",          "desc":"Dec of the image center."},
      {"type":"double",                     "name":"ra1",           "desc":"RA of image corner 1"},
      {"type":"double",                     "name":"dec1",          "desc":"Dec of image corner 1"},
      {"type":"double",                     "name":"ra2",           "desc":"RA of image corner 2"},
      {"type":"double",                     "name":"dec2",          "desc":"Dec of image corner 2"},
      {"type":"double",                     "name":"ra3",           "desc":"RA of image corner 3"},
      {"type":"double",                     "name":"dec3",          "desc":"Dec of image corner 3"},
      {"type":"double",                     "name":"ra4",           "desc":"RA of image corner 4"},
      {"type":"double",                     "name":"dec4",          "desc":"Dec of image corner 4"},
      {"type":"double",                     "name":"radius",        "desc":"Radius of the examine radius (in degrees)."},
      {"type":"double",                     "name":"radpix",        "desc":"Radius of the examine radius (in pixels)."},
      {"type":"int",                        "name":"npixel",        "desc":"Number of pixel in the examine area."},
      {"type":"int",                        "name":"nnull",         "desc":"Number of null pixels in the examine area."},
      {"type":"double",                     "name":"aveflux",       "desc":"Average flux."},
      {"type":"double",                     "name":"rmsflux",       "desc":"RMS flux."},
      {"type":"double",                     "name":"fluxref",       "desc":"Flux for center (reference) pixel."},
      {"type":"double",                     "name":"sigmaref",      "desc":"Reference flux in units of RMS."},
      {"type":"double",                     "name":"xref",          "desc":"Pixel X of reference."},
      {"type":"double",                     "name":"yref",          "desc":"Pixel Y of reference."},
      {"type":"double",                     "name":"raref",         "desc":"RA of reference."},
      {"type":"double",                     "name":"decref",        "desc":"Dec of reference."},
      {"type":"double",                     "name":"fluxmin",       "desc":"Flux of pixel with minimum value in examine area."},
      {"type":"double",                     "name":"sigmamin",      "desc":"Min flux in units of RMS."},
      {"type":"double",                     "name":"xmin",          "desc":"Pixel X of min."},
      {"type":"double",                     "name":"ymin",          "desc":"Pixel Y of min."},
      {"type":"double",                     "name":"ramin",         "desc":"RA of min pixel."},
      {"type":"double",                     "name":"decmin",        "desc":"Dec of min pixel."},
      {"type":"double",                     "name":"fluxmax",       "desc":"Flux of pixel with maximum value in examine area."},
      {"type":"double",                     "name":"sigmamax",      "desc":"Max flux in units of RMS"},
      {"type":"double",                     "name":"xmax",          "desc":"Pixel X of max."},
      {"type":"double",                     "name":"ymax",          "desc":"Pixel Y of max."},
      {"type":"double",                     "name":"ramax",         "desc":"RA of max pixel."},
      {"type":"double",                     "name":"decmax",        "desc":"Dec of m.n pixel."},
      {"type":"double",                     "name":"totalflux",     "desc":"Aperture phtometry total flux."}
   ]
}
