{
   "module":"mDiffFitExec",

   "function":"mDiffFitExec",

   "desc" : "mDiffFitExec loops over a list of image overlaps, computing then fitting the differences.",

   "arguments":
   [
      {"type":"string",                   "name":"path",         "desc":"Path to raw image directory."},
      {"type":"string",                   "name":"tblfile",      "desc":"Table file list of input images."},
      {"type":"string",                   "name":"template",     "desc":"FITS header file used to define the desired output."},
      {"type":"string",                   "name":"diffdir",      "desc":"Directory for temporary difference files."},
      {"type":"string",                   "name":"fitfile",      "desc":"Table file for output difference fit info."},
      {"type":"boolean", "default":false, "name":"keepAll",      "desc":"Flag to keep temporary difference images."},
      {"type":"boolean", "default":false, "name":"levelOnly",    "desc":"Flag to fit level of differences only, not slopes."},
      {"type":"boolean", "default":false, "name":"noAreas",      "desc":"Flag indicating there are no area images."},
      {"type":"int",     "default":0,     "name":"debug",        "desc":"Debugging output flag."}
   ],
   
   "return":
   [
      {"type":"int",                      "name":"status",       "desc":"Return status (0: OK, 1:ERROR)."},
      {"type":"string",                   "name":"msg",          "desc":"Return message (for errors)."},
      {"type":"int",                      "name":"count",        "desc":"Total number of images."},
      {"type":"int",                      "name":"diff_failed",  "desc":"Count where difference failed."},
      {"type":"int",                      "name":"fit_failed",   "desc":"Count where fitting failed."},
      {"type":"int",                      "name":"warning",      "desc":"Count where fitting produced warnings."}
   ]
}
