{
   "module":"mMakeImg",

   "function":"mMakeImg",

   "desc" : "mMakeImg creates FITS images using synthetic data (sloping background, catalogs, coverage info, etc.",

   "arguments":
   [
      {"type":"string",                   "name":"template_file", "desc":"Header template describing the image (and to be part of it)."},
      {"type":"string",                   "name":"output_file",   "desc":"Output FITS file."},
      {"type":"string",   "default":"",   "name":"layout",        "desc":"JSON structure alternative input to all parameters below."},
      {"type":"int",      "default":0,    "name":"mode",          "desc":"0: JSON file, 1: JSON, 2: command string."},
      {"type":"int",      "default":0,    "name":"debug",         "desc":"Debugging output level."}
   ],

   "return":
   [
      {"type":"int",                      "name":"status",        "desc":"Return status (0: OK, 1:ERROR)."},
      {"type":"string",                   "name":"msg",           "desc":"Return message (for errors)."},
      {"type":"int",                      "name":"srccnt",        "desc":"Number of catalog sources included."},
      {"type":"int",                      "name":"imgcnt",        "desc":"Number of image regions included."}
   ]
}
