{
   "module":"mSubset",

   "function":"mSubset",

   "desc" : "mSubset compares a FITS header file to an image metadata table and selects out just those records in the latter overlapping with the template region.",

   "arguments":
   [
      {"type":"string",                    "name":"tblfile",       "desc":"Image metadata table."},
      {"type":"string",                    "name":"template",      "desc":"FITS header file used to define the desired output."},
      {"type":"string",                    "name":"subtbl",        "desc":"Subset of the metadata table that overlap with the template."},
      {"type":"boolean", "default":false,  "name":"fastMode",      "desc":"Overlap check just involves great circles connecting the image/template corners."},
      {"type":"int",     "default":0,      "name":"debug",         "desc":"Debugging output level."} 
   ],
   
   "return":
   [
      {"type":"int",                       "name":"status",        "desc":"Return status (0: OK, 1:ERROR)."},
      {"type":"string",                    "name":"msg",           "desc":"Return message (for errors)."},
      {"type":"int",                       "name":"count",         "desc":"Number of images in the input table."},
      {"type":"int",                       "name":"nmatches",      "desc":"Number of matches."}
   ]
}
