0003000M_phase2_T,0003000M_phase2_R,0004000M_phase2_T,0004000M_phase2_R,0005000M_phase2_T,0005000M_phase2_R,0006000M_phase2_T,0006000M_phase2_R,0007000M_phase2_T,0007000M_phase2_R,0008000M_phase2_T,0008000M_phase2_R,0009000M_phase2_T,0009000M_phase2_R,0010000M_phase2_T,0010000M_phase2_R,0011000M_phase2_T,0011000M_phase2_R,0012000M_phase2_T,0012000M_phase2_R,0013000M_phase2_T,0013000M_phase2_R,0014000M_phase2_T,0014000M_phase2_R,0015000M_phase2_T,0015000M_phase2_R,0016000M_phase2_T,0016000M_phase2_R
-99,-99,3940.989937,0.644637643,4272.199101,0.776281731,4667.196129,1.008648907,4978.161525,1.12052879,5249.467434,1.251291238,5483.787749,1.393762956,5683.980473,1.558126306,5873.37821,1.731202666,5966.748182,1.9898966,6103.912723,2.218740113,6275.266387,2.433086057,6349.789024,2.726566861,6445.021822,3.010651255
-99,-99,-99,-99,-99,-99,4656.780734,1.033250125,4958.179015,1.146601739,5223.984737,1.278555763,5456.054995,1.421956043,5654.299116,1.588412188,5841.60618,1.764795194,5926.03402,2.025603839,6057.150325,2.256515334,6229.007647,2.473714947,6301.519142,2.77162532,6391.345388,3.061800352
-99,-99,-99,-99,-99,-99,4644.662027,1.059290922,4935.671691,1.17435677,5195.954748,1.306915119,5425.450236,1.4508559,5621.845425,1.619029352,5807.188834,1.798690089,5883.463775,2.060274671,6009.530936,2.293208086,6180.563622,2.513329208,6252.03454,2.815598058,6337.393203,3.11186432
-99,-99,-99,-99,-99,-99,4630.629636,1.087035026,4910.982042,1.203687536,5165.294371,1.33628312,5392.343042,1.48017446,5586.989853,1.649578781,5770.904626,1.832085835,5839.865846,2.093037162,5961.586802,2.327810476,6130.514388,2.551531748,6201.528322,2.85802238,6283.204212,3.160412951
-99,-99,-99,-99,-99,-99,4615.342643,1.11645344,4884.397428,1.234741395,5132.025835,1.366730929,5356.423043,1.509933264,5550.011297,1.679648205,5732.519442,1.86468977,5795.547653,2.123530206,5913.317678,2.359907841,6079.478783,2.587921455,6150.135032,2.898420692,6228.900804,3.206979484
-99,-99,-99,-99,-99,-99,4599.774368,1.147492819,4856.075872,1.267723989,5096.938892,1.398415202,5318.900586,1.539755049,5510.965453,1.709129336,5692.244268,1.896053984,5750.446904,2.151572507,5865.055373,2.38900211,6028.038756,2.621951191,6098.100414,2.936375637,6174.59621,3.250874753
-99,-99,-99,-99,-99,-99,4584.761906,1.180104357,4826.691627,1.302885015,5059.927133,1.431722657,5279.125103,1.570077333,5470.19873,1.737870771,5650.436792,1.925877145,5704.96336,2.17706455,5816.807475,2.41485782,5976.524931,2.653364604,6045.880544,2.971362858,6120.51205,3.291648323
-99,-99,-99,-99,-99,-99,4570.602094,1.214230588,4798.072036,1.340187832,5021.908426,1.466997904,5237.57317,1.601213243,5428.012109,1.76603422,5607.470529,1.953906355,5659.042516,2.199968464,5768.887935,2.43730538,5925.288984,2.681552875,5993.746423,3.003082915,6066.872343,3.32886226
-99,-99,-99,-99,-99,-99,4557.400905,1.249950294,4770.743907,1.379863618,4983.614557,1.504766607,5194.838921,1.633623463,5384.102601,1.794038327,5563.372824,1.980219403,5612.817125,2.220567386,5721.213134,2.456580458,5874.640652,2.706163805,5941.902136,3.031031904,6013.724324,3.362072323
-99,-99,-99,-99,-99,-99,4546.740725,1.286596848,4745.182781,1.421871808,4946.098396,1.545407799,5151.108228,1.667908132,5339.222151,1.822270843,5518.32226,2.005200643,5566.400264,2.239143338,5673.95236,2.472902236,5824.833179,2.726948261,5890.93487,3.054682934,5961.390831,3.390822195
-99,-99,-99,-99,-99,-99,4537.921315,1.32434273,4722.882775,1.465844003,4910.290757,1.589276903,5106.974131,1.704844608,5293.238987,1.851311567,5472.600647,2.029063235,5520.147184,2.256051505,5627.184088,2.48668698,5775.847171,2.74414631,5841.04895,3.073666273,5910.14032,3.414709963
-99,-99,-99,-99,-99,-99,4531.349323,1.36288952,4704.250755,1.51132812,4877.478916,1.636416686,5063.204418,1.745246331,5246.432551,1.882063598,5426.078989,2.052375142,5473.867431,2.272074344,5580.898895,2.498429738,5727.879768,2.75763402,5792.513359,3.087811109,5860.059892,3.433650339
-99,-99,-99,-99,-99,-99,4526.963218,1.402100536,4688.88412,1.558213254,4848.392749,1.686548644,5020.898795,1.790006425,5199.337516,1.91545104,5379.085019,2.075857079,5427.468899,2.287859008,5534.975877,2.508369247,5680.787236,2.767902967,5745.238622,3.097474932,5811.576608,3.447146775
-99,-99,-99,-99,-99,-99,4524.178338,1.442081423,4676.689246,1.60615674,4823.864486,1.739034122,4981.535822,1.83941762,5152.176891,1.952751201,5331.465693,2.100368453,5380.541275,2.304714183,5489.536901,2.517178119,5634.684131,2.775086744,5699.147979,3.103261918,5764.781197,3.455148377
-99,-99,-99,-99,-99,-99,4523.060894,1.482700132,4667.496883,1.654896351,4803.592003,1.793383071,4946.087228,1.893556087,5105.813183,1.995345363,5283.366489,2.127066325,5333.404651,2.323307601,5444.13134,2.526101318,5589.328141,2.779960407,5654.183192,3.105725996,5719.513058,3.458545031
-99,-99,-99,-99,-99,-99,4523.244409,1.524061886,4660.498752,1.704602002,4787.271381,1.84912842,4915.895909,1.951535255,5061.653392,2.044289501,5234.960568,2.157391414,5285.806101,2.345387982,5398.7479,2.535869146,5544.824169,2.782870461,5610.309333,3.10521409,5675.712487,3.457726761
-99,-99,-99,-99,-99,-99,4524.467885,1.566250258,4655.403516,1.755245352,4774.394353,1.905942567,4890.693653,2.012422488,5021.203481,2.100177883,5186.343607,2.193144779,5237.573513,2.373000449,5352.821087,2.54813062,5500.729349,2.784871344,5567.460728,3.102419946,5633.363504,3.45306524
-99,-99,-99,-99,-99,-99,4526.476866,1.609380732,4651.940116,1.806809163,4763.81524,1.964085834,4870.327421,2.075338679,4986.017178,2.162143966,5138.552081,2.236333561,5189.244603,2.408601949,5306.258708,2.564520142,5456.828162,2.786878172,5525.202375,3.098376823,5592.01674,3.445900932
-99,-99,-99,-99,-99,-99,4529.200762,1.653456701,4649.497701,1.859591698,4755.569856,2.023242022,4853.7897,2.139828035,4956.775765,2.228583485,5093.087439,2.288689497,5141.814847,2.45497338,5258.757735,2.587565335,5412.821046,2.790132192,5483.292477,3.094045892,5551.466583,3.436965142
-99,-99,-99,-99,-99,-99,4532.16974,1.698799649,4647.982653,1.913621452,4748.764953,2.083774034,4840.260371,2.205756868,4933.108218,2.297988896,5052.034232,2.350400719,5097.768302,2.51350251,5210.546423,2.620299631,5368.227839,2.796283403,5441.422104,3.090437503,5511.498782,3.427093915
-99,-99,-99,-99,-99,-99,4535.621606,1.745241183,4646.972746,1.969152547,4743.413243,2.14551899,4829.372866,2.272874196,4913.675326,2.369644958,5017.14629,2.419750229,5059.590097,2.582806886,5163.002224,2.66647021,5322.920956,2.806944985,5399.006456,3.089227786,5471.525255,3.417737702
-99,-99,-99,-99,-99,-99,4539.17568,1.793093735,4646.579331,2.026082804,4738.796169,2.208949848,4820.218642,2.341510737,4898.109119,2.442779685,4988.774953,2.494148647,5028.786242,2.659121712,5118.865942,2.727894456,5276.374817,2.825040759,5355.785641,3.091798986,5431.411503,3.409704962
-99,-99,-99,-99,-99,-99,4542.906495,1.84230517,4646.310364,2.084844319,4734.855737,2.274035481,4812.491177,2.411683127,4885.295047,2.517432931,4965.956255,2.571648483,5003.961244,2.73962734,5081.18869,2.802118745,5228.596382,2.854571207,5311.179345,3.100926403,5390.56327,3.404953195
-99,-99,-99,-99,-99,-99,4546.376493,1.893237906,4646.19978,2.145396448,4731.499053,2.340859814,4805.733745,2.483677918,4874.203675,2.593962488,4947.43201,2.651348156,4984.063043,2.822648797,5050.82215,2.884171822,5180.861006,2.900451607,5264.611282,3.120865423,5348.365536,3.405788886
-99,-99,-99,-99,-99,-99,4550.081825,1.945559513,4646.183008,2.207841212,4728.489354,2.409587401,4799.642154,2.557640769,4864.84749,2.672110103,4932.103686,2.732932502,4967.677179,2.907657784,5026.923568,2.970252591,5136.501332,2.96498966,5216.207447,3.157737757,5304.022887,3.416199264
-99,-99,-99,-99,-99,-99,4553.581765,1.999658771,4646.08278,2.272377788,4725.492279,2.480639318,4794.267437,2.633529342,4856.448142,2.752349435,4919.293261,2.816259671,4953.949745,2.994494715,5007.423165,3.059067402,5099.040581,3.044547462,5168.888038,3.217832708,5256.923343,3.442043523
-99,-99,-99,-99,-99,-99,4556.809037,2.055657397,4645.853764,2.33911476,4722.31209,2.554166248,4789.040107,2.711831845,4848.771515,2.834824093,4908.197159,2.901562309,4942.111727,3.083301927,4991.136297,3.150103048,5069.202897,3.132634802,5127.751528,3.298497511,5208.033966,3.492047385
-99,-99,-99,-99,-99,-99,4559.613786,2.113762035,4645.419969,2.40818578,4719.451786,2.629768432,4783.968219,2.792621509,4841.832885,2.91945449,4898.412945,2.98898631,4931.512839,3.174380514,4977.542201,3.242927447,5045.609167,3.225112663,5094.981951,3.390870074,5161.638623,3.570656161
-99,-99,-99,-99,-99,-99,4562.296789,2.173769702,4644.809599,2.479629018,4716.367503,2.708066525,4779.074884,2.875867137,4835.302881,3.006516638,4889.301414,3.078988109,4921.840263,3.267874787,4965.469542,3.338100153,5026.254851,3.320599937,5069.199178,3.488803908,5123.768609,3.669107358
-99,-99,-99,-99,-99,-99,4564.709829,2.235851874,4643.637453,2.553953724,4713.147519,2.789010608,4773.756337,2.962337022,4828.639322,3.096742903,4880.893321,3.171489742,4912.722908,3.364059425,4954.573622,3.435719064,5010.217392,3.418310647,5048.365289,3.589839196,5093.765918,3.77611512
-99,-99,-99,-99,-99,-99,4566.595349,2.300362532,4642.411381,2.630709866,4709.6722,2.872833211,4768.820996,3.051179102,4822.163046,3.189741223,4872.966661,3.266668246,4904.152755,3.462987869,4944.338852,3.536156469,4996.03118,3.51874728,5030.945599,3.693244573,5070.145011,3.886465469
-99,-99,-99,-99,-99,-99,4568.098834,2.36724023,4640.828453,2.710294054,4705.909557,2.959659156,4763.574011,3.143272143,4815.497044,3.286001621,4865.163136,3.364951738,4895.741754,3.565013259,4934.908907,3.639181887,4983.695473,3.621404655,5015.834377,3.798961313,5050.605502,3.998997454
-99,-99,-99,-99,-99,-99,4569.270162,2.436500543,4638.954892,2.792738764,4701.789018,3.049694414,4758.111631,3.238576313,4808.736025,3.385551296,4857.420847,3.466474329,4887.613967,3.670084048,4925.802663,3.745304291,4972.285427,3.726964002,5002.354228,3.907179202,5033.599818,4.11383454
-99,-99,-99,-99,-99,-99,4569.951827,2.508430021,4636.468664,2.878528736,4697.33478,3.143012663,4752.406789,3.337266831,4802.18225,3.488074056,4849.852814,3.571151988,4879.355518,3.778727935,4916.980508,3.854637101,4961.82949,3.835311559,4990.280114,4.01779907,5018.793906,4.230546125
-99,-99,-99,-99,-99,-99,4570.153672,2.583109476,4633.903619,2.96715478,4692.548281,3.239722763,4746.178868,3.439788071,4795.22897,3.594424609,4842.020479,3.679629309,4871.179205,3.890797601,4908.021767,3.967704884,4951.66031,3.947084302,4978.985428,4.131424383,5005.325487,4.349698475
-99,-99,-99,-99,-99,-99,4570.026293,2.660468079,4630.540189,3.059613867,4687.679827,3.339655983,4740.068569,3.545456805,4788.159167,3.704386386,4834.396046,3.791353598,4862.970801,4.006503442,4899.245307,4.084190358,4942.12984,4.061840986,4968.303075,4.248257368,4992.780884,4.471595598
-99,-99,-99,-99,-99,-99,4569.398515,2.740809583,4627.126291,3.155110842,4682.416908,3.443311248,4733.527128,3.655111254,4780.84115,3.818221781,4826.507257,3.907103495,4854.459467,4.126308325,4890.441576,4.204471596,4932.568476,4.180490398,4958.162374,4.36831748,4981.100807,4.596155757
-99,-99,-99,-99,-99,-99,4568.454616,2.824018521,4623.112318,3.25446102,4676.932888,3.550593803,4726.772197,3.768579994,4773.206646,3.936177029,4818.393038,4.026919298,4845.835312,4.250123148,4881.549497,4.328713347,4923.226925,4.302744118,4948.039047,4.492519834,4969.890733,4.723957525
-99,-99,-99,-99,-99,-99,4566.842701,2.910649154,4618.808045,3.357413158,4670.888388,3.662115764,4719.802753,3.886026255,4765.093731,4.058642839,4810.047338,4.150943262,4837.095255,4.378029711,4872.370453,4.45730231,4913.502685,4.429547883,4937.856473,4.620996373,4958.804019,4.855470873
-99,-99,-99,-99,-99,-99,4564.963651,3.000334705,4614.269654,3.464042212,4664.592134,3.777617081,4712.421097,4.00786983,4757.064049,4.184945688,4801.453181,4.279360553,4828.062402,4.51044977,4862.970922,4.590333215,4903.921385,4.560216628,4928.059011,4.753215178,4948.344319,4.989912263
-99,-99,-99,-99,-99,-99,4562.671724,3.093380685,4609.223077,3.574841572,4658.070675,3.897169536,4704.809218,4.133989352,4748.639264,4.315946385,4792.530779,4.412441423,4818.744702,4.64753287,4853.571644,4.727559186,4894.329849,4.695118499,4917.905753,4.890413026,4937.827469,5.12807322
-99,-99,-99,-99,-99,-99,4559.942393,3.189951862,4603.809264,3.68979627,4651.078524,4.021330492,4696.856577,4.26473867,4740.048627,4.451428178,4783.296893,4.5503357,4809.343735,4.789078419,4844.036814,4.869339402,4884.60353,4.834532743,4907.839534,5.031961097,4927.452112,5.268580999
-99,-99,-99,-99,-99,-99,4556.753113,3.290220133,4598.139844,3.808916841,4643.702757,4.150142385,4688.635127,4.40015947,4731.228301,4.591679003,4773.946762,4.692870254,4799.899117,4.935174509,4834.317464,5.015851114,4874.448165,4.97908878,4897.636156,5.178331095,4917.060305,5.414262041
-99,-99,-99,-99,-99,-99,4553.045773,3.394402005,4591.868894,3.932880432,4636.092169,4.283531411,4679.995455,4.540680416,4722.097062,4.737013392,4764.514584,4.840161568,4789.852699,5.086938745,4824.258233,5.167572864,4864.297738,5.128207873,4887.125794,5.32993228,4906.273606,5.567003937
-99,-99,-99,-99,-99,-99,4549.124095,3.502247868,4585.374931,4.061295809,4628.188865,4.42179046,4671.226433,4.686023298,4712.636513,4.887647765,4754.635215,4.993010464,4779.784988,5.243546233,4814.06265,5.324292685,4854.001132,5.282287632,4876.496445,5.486587732,4895.374136,5.724770183
-99,-99,-99,-99,-99,-99,4544.865021,3.614067174,4578.499485,4.194581518,4620.081994,4.564933594,4662.137567,4.83668232,4702.918945,5.043639412,4744.415576,5.151461361,4769.421478,5.405690877,4803.59923,5.486454211,4843.468081,5.4416819,4865.73976,5.648372223,4884.541633,5.88709186
-99,-99,-99,-99,-99,-99,4539.95484,3.730471227,4571.033479,4.333238118,4611.573103,4.713519528,4652.718971,4.992881936,4692.964122,5.205180192,4734.295193,5.314894162,4758.772639,5.57355704,4792.981474,5.654014458,4832.825638,5.606297867,4854.788105,5.815662233,4873.539449,6.054585976
-99,-99,-99,-99,-99,-99,4534.69298,3.851224331,4563.717312,4.476343958,4602.64745,4.867769407,4642.936366,5.154895579,4682.595959,5.372786853,4723.555125,5.484819547,4748.204584,5.746601529,4781.94224,5.827666172,4821.966935,5.776497039,4843.83008,5.988209217,4862.534031,6.22699933
-99,-99,-99,-99,-99,-99,4529.301605,3.976147571,4555.783964,4.625324407,4593.594889,5.027377789,4633.162145,5.322259085,4672.200087,5.545969047,4712.977131,5.660000339,4737.241184,5.925952273,4770.966953,6.006716846,4810.975849,5.952342766,4832.608423,6.166739374,4851.221582,6.405278536
-99,-99,-99,-99,-99,-99,4523.284754,4.106193606,4547.457931,4.780047306,4584.211733,5.192934376,4622.820803,5.496264128,4661.375064,5.72569833,4701.717426,5.842247251,4726.146471,6.111319541,4759.563749,6.192284294,4799.447617,6.134792759,4821.065259,6.351536195,4839.86225,6.589121902
-99,-99,-99,-99,-99,-99,4516.959539,4.241053868,4538.734704,4.940732774,4574.303387,5.365038491,4612.431453,5.676153851,4650.30834,5.911874391,4690.401491,6.03064701,4714.656519,6.30347829,4748.252982,6.383551245,4787.853076,6.323174755,4809.459021,6.542293388,4828.594457,6.778481475
-99,-99,-99,-99,-99,-99,4510.195792,4.381141495,4529.991345,5.106946893,4564.564435,5.542599216,4601.866829,5.862387884,4639.278697,6.104134236,4679.150804,6.225105982,4703.109868,6.50191787,4736.740725,6.581313459,4776.224896,6.517596148,4798.014193,6.738649641,4817.103108,6.974198288
-99,-99,-99,-99,-99,-99,4503.164719,4.526369799,4520.665995,5.279926858,4554.330231,5.727130977,4590.899542,6.055687387,4628.00139,6.303289255,4667.228658,6.427395395,4691.334572,6.707261807,4724.838345,6.786224558,4764.489189,6.718404767,4785.901703,6.942631544,4805.362225,7.176535315
-99,-99,-99,-99,-99,-99,4495.410657,4.677747709,4511.231056,5.459031114,4543.857237,5.91836101,4579.950011,6.255417063,4616.361616,6.509870146,4655.324797,6.636388058,4679.503048,6.919368297,4712.962388,6.997621072,4752.574909,6.925974639,4773.809158,7.152971274,4793.473557,7.385407749
-99,-99,-99,-99,-99,-99,4487.872674,4.833815636,4501.649494,5.644561744,4533.217844,6.116444201,4568.619758,6.462682869,4604.668645,6.723428496,4643.396961,6.85235998,4667.459384,7.1388147,4700.773937,7.216453467,4740.706731,7.140011118,4761.521535,7.370365754,4781.572978,7.600898245
-99,-99,-99,-99,-99,-99,4479.841905,4.996044343,4491.760692,5.837029631,4522.225317,6.321964376,4557.15098,6.677221791,4592.619536,6.944971544,4631.324726,7.075832979,4655.024373,7.36632295,4688.490359,7.44254242,4728.512785,7.361631657,4749.236729,7.594601083,4769.250612,7.824244297
-99,-99,-99,-99,-99,-99,4471.477907,5.164302025,4481.702321,6.036293817,4511.222951,6.534428297,4545.42161,6.899556942,4580.418545,7.174301412,4618.983253,7.307388832,4642.580285,7.601221661,4675.932942,7.676562822,4715.943553,7.591231117,4736.827211,7.826161466,4756.950306,8.054714928
-99,-99,-99,-99,-99,-99,4463.294257,5.337702254,4471.617415,6.241923712,4499.99158,6.754445196,4533.351085,7.130187296,4568.073529,7.41164565,4606.115537,7.54799092,4629.900729,7.844382091,4663.32069,7.918215968,4703.2627,7.82847203,4724.20351,8.065567961,4744.188353,8.29367518
-99,-99,-99,-99,-99,-99,4455.316022,5.515882265,4463.010799,6.447911023,4488.647445,6.981720669,4521.077979,7.368955607,4555.505513,7.65750677,4593.344916,7.796387039,4617.226932,8.095398036,4650.321104,8.168657641,4690.264375,8.074093301,4711.077545,8.313844947,4731.631101,8.539603103
-99,-99,-99,-99,-99,-99,4450.133944,5.689087579,4474.110505,6.396477787,4478.55405,7.210390735,4509.167324,7.614554971,4542.790814,7.911946614,4580.370545,8.053564867,4604.152838,8.355666197,4637.454695,8.426810643,4677.275002,8.327546771,4698.21095,8.569192984,4718.892205,8.793726073
-99,-99,-99,-99,-99,-99,4443.822503,5.854228456,4461.210509,6.623583131,4490.950673,7.083670781,4497.217867,7.867303088,4530.069721,8.174757719,4567.19476,8.319891297,4590.978997,8.624689783,4624.518415,8.693441397,4664.088231,8.589683023,4685.114836,8.833214955,4705.958594,9.056292926
-99,-99,-99,-99,-99,-99,4448.672529,5.78954958,4450.145085,6.851621512,4486.985862,7.197685805,4494.970526,7.982250192,4517.21119,8.446257893,4553.955822,8.595192764,4578.03404,8.901786839,4611.408741,8.969130964,4650.922192,8.860160437,4671.944224,9.105800552,4693.0225,9.326918786
-99,-99,-99,-99,-99,-99,4447.971786,5.853942823,4438.192069,7.091821651,4475.070438,7.441762386,4511.653368,7.713797103,4504.696581,8.723296053,4540.887133,8.879051693,4564.733512,9.188943941,4597.905873,9.254860521,4637.746435,9.139369964,4658.876854,9.386671327,4679.943563,9.606421819
-99,-99,-99,-99,-99,-99,4437.539426,6.056788343,4426.030873,7.341234278,4462.374471,7.697814253,4509.524248,7.793394344,4512.684034,8.627447176,4527.544786,9.172560229,4551.298283,9.485644421,4584.567031,9.549213745,4624.471213,9.427804776,4645.196953,9.678002935,4666.854135,9.894618473
-99,-99,-99,-99,-99,-99,4426.748321,6.267680505,4413.626981,7.600278596,4449.489161,7.963455369,4496.747987,8.056488607,4528.509831,8.340975612,4514.640944,9.471019296,4537.729347,9.79173325,4571.000428,9.853703505,4610.758008,9.726795431,4631.966,9.977372015,4653.473917,10.19281006
-99,-99,-99,-99,-99,-99,4415.80711,6.486388777,4400.965123,7.869363403,4436.428232,8.238968859,4483.513057,8.330548263,4529.432382,8.367287787,4525.757046,9.292066025,4525.288089,10.09891883,4557.31036,10.16817357,4596.908721,10.03583402,4618.290433,10.28764422,4640.040023,10.50044775
-99,-99,-99,-99,-99,-99,4404.489539,6.713743464,4387.924028,8.149182159,4423.095697,8.524956728,4470.025112,8.614903602,4516.170311,8.647804518,4541.688866,8.985553738,4538.939496,9.845204228,4543.760246,10.49147666,4583.26534,10.35414419,4604.230185,10.60903568,4626.23429,10.81886797
-99,-99,-99,-99,-99,-99,4393.030523,6.94953524,4374.573801,8.440035603,4409.793697,8.820998258,4456.502795,8.909257931,4502.55522,8.93932028,4547.563875,8.907827586,4554.897809,9.529080733,4536.182683,10.70789347,4569.282298,10.68366481,4590.315179,10.93995508,4612.512222,11.14690928
-99,-99,-99,-99,-99,-99,4381.423872,7.194106617,4361.038239,8.74201989,4396.012706,9.12900138,4442.780775,9.214532371,4488.686106,9.24162731,4534.034432,9.204473606,4546.399899,9.744818098,4552.189204,10.37042569,4555.179985,11.02359967,4576.279787,11.28173348,4598.52819,11.48603178
-99,-99,-99,-99,-99,-99,4369.432157,7.448470383,4347.381004,9.055373322,4382.10973,9.448346818,4428.709711,9.531613235,4474.506601,9.555364947,4519.786136,9.51376104,4532.45852,10.06257517,4559.297508,10.25067308,4541.714746,11.36730452,4562.178873,11.63423989,4584.736333,11.83496126
-99,-99,-99,-99,-99,-99,4357.238712,7.712490859,4333.513797,9.380708025,4367.984853,9.779770088,4414.438509,9.86045313,4460.240728,9.880269591,4505.440041,9.83396662,4518.070243,10.39247298,4545.219999,10.58056779,4554.577472,11.10226334,4548.232096,11.99576319,4570.711819,12.19537957
-99,-99,-99,-99,-99,-99,4344.637972,7.987158172,4319.639217,9.718024904,4353.889648,10.12289361,4399.977589,10.20150174,4445.816316,10.21699574,4490.883098,10.16584281,4503.680606,10.73336038,4531.03493,10.92173844,4566.356896,10.86383106,4549.454116,12.01334657,4556.917757,12.56546419
-99,-99,-99,-99,-99,-99,4331.812221,8.272414027,4305.487128,10.0685942,4339.551929,10.47914614,4385.601029,10.55427285,4431.308351,10.56567379,4476.13595,10.50974248,4489.165503,11.08612187,4516.535886,11.275236,4552.335463,11.2106535,4565.299991,11.64306506,4543.299896,12.94381411
-99,-99,-99,-99,-99,-99,4318.767502,8.568593175,4291.065934,10.43300252,4324.980833,10.84899593,4371.012058,10.92010638,4416.778816,10.92660568,4461.56615,10.86492024,4474.760335,11.45032119,4502.003578,11.64051233,4537.810494,11.57106417,4556.283112,11.89562537,4548.67211,12.8337035
-99,-99,-99,-99,-99,-99,4305.745442,8.875503287,4276.511628,10.8113115,4310.286648,11.23250367,4356.42081,11.29887889,4401.90873,11.30129081,4446.782763,11.23318814,4460.186507,11.82732643,4487.478739,12.01780787,4523.258933,11.94335713,4541.96206,12.26997612,4559.487492,12.5788604
-99,-99,-99,-99,-99,-99,4292.140473,9.195452263,4261.778229,11.20424705,4295.450563,11.6303885,4341.609749,11.6918975,4387.011577,11.68926851,4431.953049,11.61429119,4445.393031,12.21777354,4473.010699,12.40728807,4508.582686,12.32830503,4527.436991,12.65719291,4545.792959,12.96176503
-99,-99,-99,-99,-99,-99,4278.796791,9.526268118,4246.999383,11.6118867,4280.676657,12.0423402,4326.770577,12.09903345,4372.056399,12.09097066,4416.795326,12.00980805,4430.725699,12.6209012,4457.922465,12.81220197,4493.841621,12.72613424,4512.792607,13.05730593,4531.51107,13.3598193
-99,-99,-99,-99,-99,-99,4265.142453,9.870260191,4231.770826,12.03645524,4265.412666,12.47128823,4311.383062,12.52251415,4356.848621,12.5077388,4401.899716,12.41801549,4415.470809,13.04007795,4443.248812,13.22888719,4479.131238,13.13700558,4497.969089,13.47103315,4516.882468,13.77184401
-99,-99,-99,-99,-99,-99,4251.108123,10.2281912,4216.463708,12.47713146,4250.071321,12.91608686,4296.174877,12.96063065,4341.570512,12.93948949,4386.573235,12.84219163,4400.357133,13.4728892,4428.117769,13.66130493,4464.109268,13.56271285,4483.097652,13.89842811,4502.181756,14.19717646
-99,-99,-99,-99,-99,-99,4236.855554,10.60012519,4201.208141,12.9340181,4234.863135,13.37631638,4280.782623,13.41512418,4326.212169,13.38673395,4370.938188,13.28235373,4385.139041,13.9207837,4412.9395,14.10838448,4448.774374,14.00394511,4468.055833,14.34028582,4487.321657,14.63657589
-99,-99,-99,-99,-99,-99,4222.539869,10.98605162,4185.677178,13.40925236,4219.05125,13.85601087,4265.29771,13.88628383,4310.612115,13.85077543,4355.731596,13.73594486,4369.825647,14.38419656,4397.726483,14.57064317,4433.478075,14.4595099,4452.97304,14.79680262,4472.819511,15.08794605
-99,-99,-99,-99,-99,-99,4207.904803,11.38759357,4169.941473,13.90308737,4203.656914,14.35137165,4249.752425,14.37456349,4295.079162,14.33084516,4339.899142,14.2083909,4354.407614,14.86388651,4382.140138,15.0500277,4418.256385,14.92994084,4437.796899,15.26846163,4457.529355,15.55749537
-99,-99,-99,-99,-99,-99,4192.971941,11.80523715,4154.081653,14.41611977,4187.934603,14.86628467,4234.073607,14.88104196,4279.354158,14.82891109,4324.06496,14.6972489,4338.755642,15.36093825,4366.804013,15.54428224,4402.705574,15.41761695,4422.569594,15.75581752,4442.659239,16.04003023
-99,-99,-99,-99,-99,-99,4178.082574,12.23825208,4138.108909,14.94900892,4171.972707,15.40123606,4218.100934,15.40707885,4263.589401,15.34468432,4308.242766,15.20316832,4323.3361,15.87379355,4351.460409,16.05510187,4387.416561,15.92020297,4407.219725,16.25968815,4427.667691,16.53833881
-99,-99,-99,-99,-99,-99,4163.138792,12.687687,4121.809397,15.50366938,4155.946485,15.95625243,4202.243019,15.95157707,4248.109339,15.8772289,4292.508666,15.72638358,4307.629925,16.40556653,4336.027448,16.5835426,4371.784573,16.44121095,4392.126996,16.77855302,4412.658614,17.05265877
-99,-99,-99,-99,-99,-99,4147.796644,13.15570807,4105.377166,16.08002848,4139.69537,16.53288678,4186.221471,16.51652885,4231.85584,16.43290744,4276.672982,16.26855624,4292.023923,16.95500649,4320.349722,17.13087257,4356.357723,16.97859798,4376.496467,17.31719928,4397.654515,17.5830792
-99,-99,-99,-99,-99,-99,4132.349694,13.64173549,4088.808855,16.67904931,4123.339893,17.13143953,4170.067942,17.10262984,4215.996515,17.00613363,4260.60494,16.83095167,4276.270377,17.52398792,4304.879639,17.69531847,4340.665323,17.535141,4361.196412,17.87172754,4382.550536,18.13110625
-99,-99,-99,-99,-99,-99,4116.766536,14.14659009,4072.168184,17.30117089,4106.755184,17.75341709,4153.584432,17.711831,4199.576786,17.60295557,4244.5143,17.4133889,4260.456893,18.11282744,4289.256665,18.27994282,4325.070265,18.10976133,4345.786043,18.4448946,4367.385716,18.69692396
-99,-99,-99,-99,-99,-99,4100.841481,14.67231696,4055.442218,17.9472672,4090.204012,18.39817903,4136.944383,18.34407515,4183.178285,18.22087467,4228.272638,18.01717242,4244.401877,18.72315119,4273.305132,18.88615115,4309.274935,18.70480108,4330.115491,19.03811003,4351.94257,19.28174342
-99,-99,-99,-99,-99,-99,4084.770486,15.21872747,4038.471897,18.6195643,4073.510625,19.06773708,4120.495092,18.99821347,4166.716843,18.86153541,4211.95362,18.64281117,4228.315782,19.35455978,4257.510738,19.51174961,4293.586014,19.31903471,4314.496739,19.65062662,4336.690729,19.88460632
-99,-99,-99,-99,-99,-99,4068.38743,15.7875341,4021.536232,19.31742888,4056.815348,19.76212688,4103.9189,19.67701448,4150.208975,19.52552539,4195.456366,19.29181121,4212.115264,20.00876468,4241.279994,20.1612455,4277.467384,19.95679862,4298.933643,20.28301198,4321.403467,20.50692603
-99,-99,-99,-99,-99,-99,4052.149938,16.3770213,4004.489587,20.04255482,4039.967915,20.48335919,4087.159399,20.38173168,4133.523405,20.21409674,4178.826916,19.96470304,4196.007342,20.68459197,4225.362821,20.8310364,4261.39972,20.61567849,4283.033948,20.93857403,4305.970921,21.15010631
-99,-99,-99,-99,-99,-99,4035.884944,16.98906623,3987.180217,20.79748512,4022.941516,21.2326865,4070.347754,21.11255638,4116.861698,20.92756146,4162.280995,20.66086313,4179.588728,21.38590521,4209.070304,21.52514252,4245.27723,21.29671179,4267.240082,21.61453907,4290.247034,21.8159262
-99,-99,-99,-99,-99,-99,4019.285341,17.62661894,3970.096897,21.57937949,4006.011871,22.00926955,4053.502016,21.87035291,4100.05491,21.66774203,4145.271063,21.38460484,4163.335381,22.11047772,4192.91926,22.24252867,4229.2509,22.00021365,4251.348318,22.31379391,4274.910118,22.50044871
-99,-99,-99,-99,-99,-99,4002.633505,18.2886409,3952.465556,22.39570633,3988.776375,22.81716661,4036.61917,22.65618079,4083.287571,22.43434419,4128.698047,22.13155773,4146.949439,22.86079464,4176.487588,22.98619059,4213.052319,22.7287306,4235.286074,23.03717291,4259.199669,23.20938156
-99,-99,-99,-99,-99,-99,3986.109122,18.97534052,3934.976007,23.24211858,3971.374187,23.65663305,4019.495971,23.47270204,4066.304101,23.23035155,4111.905195,22.90669352,4130.519029,23.63767798,4160.25707,23.75400591,4196.650338,23.48297975,4219.215985,23.78476,4243.52846,23.94085302
-99,-99,-99,-99,-99,-99,3969.041483,19.69189527,3917.42999,24.12163411,3953.794864,24.52906591,4002.296869,24.31986174,4049.316839,24.05517891,4094.973262,23.71049048,4114.081776,24.44138343,4143.880206,24.54911652,4180.366094,24.26223304,4203.297097,24.55599923,4227.811652,24.69620091
-99,-99,-99,-99,-99,-99,3952.193639,20.43460316,3899.514407,25.03832774,3936.470336,25.43185394,3984.906983,25.19979612,4032.204112,24.91093633,4077.93479,24.54386841,4097.295315,25.27593988,4127.478116,25.37140906,4163.868587,25.06935789,4187.173878,25.35415964,4212.14103,25.47573686
-99,-99,-99,-99,-99,-99,3935.218037,21.20668204,3881.878393,25.98801094,3918.987997,26.36960159,3967.543766,26.11206954,4014.955575,25.79893876,4060.795652,25.40785932,4080.539863,26.13935378,4110.871173,26.22362973,4147.400701,25.90405197,4170.959762,26.17932477,4196.423692,26.28079752
-99,-99,-99,-99,-99,-99,3917.787611,22.01215707,3864.15204,26.97525203,3901.291812,27.34495735,3950.106896,27.05864208,3997.553276,26.7205575,4043.695994,26.30293411,4063.711567,27.03359759,4094.289853,27.10448532,4130.972331,26.76582361,4154.709386,27.03210397,4180.61059,27.11265621
-99,-99,-99,-99,-99,-99,3900.391059,22.84829782,3846.04214,28.0045306,3883.793717,28.35497438,3932.715413,28.0398622,3980.202626,27.67533543,4026.368346,27.23222494,4046.721314,27.96025992,4077.526324,28.01777363,4114.260973,27.6603226,4138.444446,27.91355791,4164.520843,27.9733426
-99,-99,-99,-99,-99,-99,3883.123933,23.71585785,3828.219154,29.07077305,3865.910578,29.40721903,3915.199269,29.05862874,3962.791545,28.66551157,4009.096569,28.19452553,4029.729484,28.91934776,4060.839665,28.96106139,4097.644413,28.58390535,4122.109532,28.82512787,4148.576529,28.86057311
-99,-99,-99,-99,-99,-99,3865.422285,24.6206608,3810.289699,30.17961962,3848.28777,30.4960633,3897.421128,30.11762462,3945.364455,29.69202794,3991.748938,29.19229111,4012.721339,29.9121356,4044.209455,29.93622403,4080.809137,29.54124505,4105.555724,29.76888626,4132.472182,29.7779071
-99,-99,-99,-99,-99,-99,3847.950285,25.55872814,3792.113576,31.33375523,3830.591817,31.62653011,3879.907082,31.2127764,3927.904788,30.75644621,3974.287082,30.22716131,3995.60701,30.94085054,4027.25249,30.94878012,4064.18116,30.52913837,4089.05859,30.74390634,4116.530077,30.72390418
-99,-99,-99,-99,-99,-99,3830.441878,26.53351569,3773.863451,32.53484135,3812.676039,32.80351107,3862.247767,32.35088508,3910.346388,31.86077241,3956.77216,31.30000537,3978.487681,32.00572849,4010.321499,31.99540298,4047.279743,31.5536758,4072.425455,31.75320446,4100.370728,31.70222593
-99,-99,-99,-99,-99,-99,3812.630515,27.5495056,3755.715291,33.78079111,3794.808821,34.02404395,3844.644797,33.52954541,3892.77964,33.00569194,3939.317612,32.41115075,3961.546044,33.10581968,3993.399946,33.07832977,4030.512442,32.61071539,4055.991963,32.79326941,4084.037941,32.71389163
-99,-99,-99,-99,-99,-99,3794.946109,28.60347068,3737.416162,35.07841142,3776.910391,35.29199501,3826.87934,34.75506822,3875.191319,34.19295333,3921.731842,33.56388599,3944.286162,34.24791627,3976.652497,34.19654705,4013.693772,33.7052231,4039.332681,33.87148434,4067.892928,33.75718791
-99,-99,-99,-99,-99,-99,3777.051076,29.70077981,3719.223539,36.42491104,3758.710546,36.61143022,3808.856696,36.0287753,3857.450166,35.42556237,3904.171461,34.75840442,3927.348771,35.42641047,3959.718323,35.35504849,3996.768371,34.83922994,4022.870454,34.98264005,4051.434047,34.83757498
-99,-99,-99,-99,-99,-99,3759.252079,30.84014724,3700.811635,37.82723214,3740.925075,37.97562622,3790.917819,37.34968535,3839.554362,36.70533879,3886.393963,35.99861072,3910.230184,36.64848611,3942.847536,36.55292156,3979.907964,36.01064939,4006.133119,36.13514936,4035.543848,35.94658216
-99,-99,-99,-99,-99,-99,3740.993014,32.02922033,3682.351939,39.28601844,3722.561855,39.39951566,3772.858661,38.72112175,3821.631897,38.03245594,3868.521904,37.28493088,3892.773652,37.91839479,3925.787695,37.79546117,3962.844055,37.22502877,3989.679876,37.32196959,4019.209902,37.09755379
-99,-99,-99,-99,-99,-99,3722.982935,33.26291933,3663.832318,40.80270891,3704.398631,40.87496381,3754.988353,40.1398354,3803.73402,39.40768163,3850.841417,38.61459696,3875.55997,39.22920442,3908.681076,39.08092475,3945.961661,38.47847007,3972.979708,38.55139293,4003.025595,38.28285502
-99,-99,-99,-99,-99,-99,3704.97543,34.54408452,3645.462474,42.37567772,3686.393512,42.4035765,3736.906493,41.61648924,3785.956539,40.83131469,3833.1504,39.99332264,3858.149979,40.58895254,3891.598012,40.41103553,3928.989659,39.7769614,3956.031084,39.82620311,3986.571663,39.51149059
-99,-99,-99,-99,-99,-99,3686.862511,35.87769735,3626.769865,44.01603377,3668.394991,43.9905599,3719.157271,43.14251966,3768.035125,42.31081712,3815.206441,41.42658143,3840.909866,41.99472726,3874.178615,41.79200049,3911.868535,41.12216537,3939.378218,41.13941767,3970.233057,40.77782062
-99,-99,-99,-99,-99,-99,3668.643167,37.26473461,3608.137899,45.71952483,3650.112555,45.64346301,3701.251579,44.72727092,3750.293229,43.84080709,3797.555999,42.90774345,3823.328194,43.45494911,3857.136296,43.21543207,3894.733934,42.51309236,3922.359039,42.50261176,3953.941592,42.08514476
-99,-99,-99,-99,-99,-99,3650.426093,38.70681768,3589.571127,47.49114579,3631.869437,47.35751468,3683.230217,46.3754475,3732.578624,45.42714634,3779.808766,44.4435539,3806.102501,44.96189402,3839.872712,44.6921338,3877.653672,43.95255915,3905.618519,43.90650641,3937.293731,43.44062947
-99,-99,-99,-99,-99,-99,3632.03841,40.20736448,3570.837852,49.33262167,3613.514929,49.1408084,3665.283941,48.08268518,3714.636007,47.07736435,3762.108664,46.03665447,3788.867453,46.52206901,3822.837678,46.21646287,3860.346799,45.44508879,3888.801127,45.35889427,3920.902785,44.83564291
-99,-99,-99,-99,-99,-99,3613.696173,41.76645917,3552.18618,51.24537811,3595.135718,50.99199901,3647.016497,49.86030173,3696.710037,48.78626921,3744.107526,47.69132093,3771.58694,48.13729583,3805.63883,47.79505568,3843.098189,46.98737432,3871.862893,46.8643693,3904.413609,46.27948314
-99,-99,-99,-99,-99,-99,3595.255791,43.38854855,3533.620307,53.23377781,3577.043423,52.91052623,3629.085448,51.69849118,3678.961889,50.55625564,3726.569261,49.39854768,3754.202991,49.81389792,3788.47658,49.43021274,3826.157029,48.57849641,3855.116815,48.415785,3888.040599,47.76792564
-99,-99,-99,-99,-99,-99,3576.824571,45.07613978,3515.272553,55.2974664,3558.648509,54.90586049,3610.855911,53.6142654,3660.77239,52.39992576,3708.614994,51.17587913,3736.959925,51.54537021,3771.497422,51.11813696,3808.958076,50.22934448,3838.276067,50.02239211,3871.469468,49.31007573
-99,-99,-99,-99,-99,-99,3558.512541,46.82720533,3496.438323,57.45181391,3540.275771,56.9811014,3592.631177,55.59778002,3642.80689,54.30694577,3690.84443,53.01672914,3719.376136,53.34651651,3754.415812,52.86689994,3791.981168,51.93161274,3821.449925,51.68049192,3855.011507,50.89795662
-99,-99,-99,-99,-99,-99,3540.061859,48.64833366,3477.934233,59.68412365,3521.951695,59.13121769,3574.553064,57.65459149,3624.830126,56.28424357,3672.721224,54.93148871,3702.192991,55.20319803,3736.999858,54.68341389,3774.979576,53.69310236,3804.974827,53.39091194,3838.895484,52.53369206
-99,-99,-99,-99,-99,-99,3521.554885,50.54688506,3459.695873,62.00031776,3503.997207,61.35818402,3556.304914,59.79491272,3606.972255,58.33313826,3654.911582,56.9093868,3684.677778,57.13143946,3719.862305,56.55686293,3757.638389,55.52279101,3787.925105,55.1704826,3822.274581,54.23382872
-99,-99,-99,-99,-99,-99,3503.285727,52.51554482,3441.094265,64.4169005,3485.878556,63.67221139,3538.284132,62.00768973,3588.855399,60.46602194,3636.995523,58.96224004,3667.104856,59.13110129,3702.674242,58.49690535,3740.56696,57.40951326,3771.164183,57.00325109,3805.97425,55.98270001
-99,-99,-99,-99,-99,-99,3485.098665,54.56106856,3422.567608,66.92861346,3467.676897,66.0812881,3520.443293,64.30147484,3570.877915,62.67183143,3619.093797,61.08780061,3649.597929,61.19790118,3685.301126,60.51055608,3723.544928,59.3602095,3754.168198,58.90303939,3789.372237,57.79661861
-99,-99,-99,-99,-99,-99,3466.911111,56.68550563,3404.080347,69.54186156,3449.349723,68.58463962,3502.569084,66.68108272,3553.06757,64.95706811,3601.047505,63.29699058,3632.319361,63.33503754,3668.125888,62.58812819,3706.139617,61.38862854,3737.29194,60.86130131,3772.918789,59.66340566
-99,-99,-99,-99,-99,-99,3448.305779,58.90358019,3385.465564,72.26131463,3431.197805,71.18345104,3484.445185,69.1583119,3535.089368,67.33429425,3583.314431,65.57779951,3614.583279,65.55679724,3651.072442,64.73530259,3689.145564,63.47795056,3720.570279,62.88426774,3756.674029,61.5880164
-99,-99,-99,-99,-99,-99,3430.353788,61.19818969,3366.857618,75.08948869,3413.047469,73.88462738,3466.413496,71.72852425,3517.388203,69.78804308,3565.465488,67.94265529,3597.23161,67.84509742,3633.579144,66.96823962,3671.920695,65.64315475,3703.635291,64.98422928,3740.047606,63.58426422
-99,-99,-99,-99,-99,-99,3412.098882,63.58738445,3348.359419,78.02757231,3394.721979,76.69359481,3448.464225,74.39625565,3499.589425,72.34160906,3547.786074,70.39898542,3580.103529,70.21201503,3616.487943,69.26699678,3654.615684,67.88575328,3686.868039,67.14727918,3723.587294,65.63933391
-99,-99,-99,-99,-99,-99,3394.056701,66.07221938,3329.910509,81.08156534,3376.530637,79.60821733,3430.4086,77.16757406,3481.632182,74.99154865,3529.978188,72.93947245,3562.765207,72.67391549,3599.621455,71.6428284,3637.78718,70.19443626,3670.234563,69.38063377,3707.178203,67.76822793
-99,-99,-99,-99,-99,-99,3375.793172,68.65955181,3311.453584,84.25828264,3358.32506,82.63581326,3412.372114,80.04349107,3463.741873,77.74148842,3512.309535,75.57870444,3545.629279,75.21354549,3582.4692,74.11055914,3620.688546,72.59448874,3653.310489,71.69936704,3690.843826,69.9578546
-99,-99,-99,-99,-99,-99,3357.644272,71.34844032,3292.999444,87.56254191,3340.230938,85.77760204,3394.369912,83.02875899,3445.842107,80.59676915,3494.489483,78.31679221,3528.268358,77.85316085,3565.226706,76.66738588,3603.572029,75.07611458,3636.567294,74.09290284,3674.527095,72.22564896
-99,-99,-99,-99,-99,-99,3339.626265,74.14166481,3274.468792,91.00113435,3322.076442,89.04213571,3376.354036,86.12712248,3427.918938,83.55767593,3476.70789,81.15841767,3511.002505,80.58881278,3548.167359,79.31266998,3586.539836,77.64587026,3619.752701,76.57031776,3658.080846,74.5703485
-99,-99,-99,-99,-99,-99,3321.696494,77.04379657,3256.045136,94.57257043,3303.932065,92.43527351,3358.36843,89.3430142,3410.074833,86.62723002,3458.898425,84.10492426,3493.657186,83.42234921,3531.168048,82.05025923,3569.515752,80.30341298,3603.079129,79.13189545,3641.824906,76.99058461
-99,-99,-99,-99,-99,-99,3303.748669,80.06213296,3237.662633,98.27822737,3285.719428,95.96252275,3340.589472,92.67682999,3392.197953,89.81294921,3441.098553,87.15929038,3476.226517,86.36067635,3513.926034,84.88983936,3552.375348,83.05658282,3586.264071,81.78319956,3625.466389,79.4932291
-99,-99,-99,-99,-99,-99,3285.878933,83.1979345,3219.030661,102.1438515,3267.572193,99.62695256,3322.649942,96.14141212,3374.500223,93.11513491,3423.27751,90.3293255,3458.979384,89.40143986,3496.768638,87.82819794,3535.303308,85.90751241,3569.544474,84.52427472,3609.10299,82.08130891
-99,-99,-99,-99,-99,-99,3268.132398,86.456267,3200.504341,106.1656322,3249.489666,103.4296841,3304.716319,99.73900689,3356.835922,96.53838344,3405.712016,93.61095751,3441.671539,92.55134918,3479.730365,90.86823568,3518.206219,88.85760187,3552.753538,87.35960158,3592.734029,84.75333356
-99,-99,-99,-99,-99,-99,3250.508464,89.84211439,3182.130044,110.3365067,3231.243728,107.3886624,3286.815505,103.4732164,3339.068359,100.09373,3388.051951,97.01586452,3424.44114,95.81158107,3462.570884,94.01784246,3501.214866,91.90926603,3536.021416,90.29186811,3576.39744,87.51506858
-99,-99,-99,-99,-99,-99,3232.756537,93.3635259,3163.651037,114.6871484,3212.779836,111.5067202,3268.761623,107.355066,3321.337087,103.7816102,3370.418404,100.5444174,3407.223312,99.18826829,3445.535768,97.27413547,3484.140956,95.06829381,3519.233688,93.32344629,3560.032774,90.36729929
-99,-99,-99,-99,-99,-99,3215.220336,97.01968389,3145.028386,119.2207661,3194.625321,115.7644599,3250.929959,111.3785133,3303.617524,107.6080719,3352.832279,104.2031621,3390.26494,102.6805109,3428.643764,100.6430207,3467.117352,98.33665037,3502.447426,96.45914482,3543.690728,93.31588319
-99,-99,-99,-99,-99,-99,3198.02674,100.8011115,3126.521006,123.9213209,3176.194845,120.2121218,3232.759998,115.5677557,3286.10485,111.5625335,3335.328926,107.9979775,3373.097863,106.3021297,3411.73408,104.1291845,3450.31236,101.7142278,3485.861746,99.69789306,3527.326322,96.36107491
-99,-99,-99,-99,-99,-99,3180.805433,104.7395156,3108.109312,128.7964113,3157.701956,124.8345246,3214.818177,119.9041276,3268.28074,115.6867794,3317.663109,111.9370313,3356.057409,110.0499295,3394.852963,107.7372983,3433.425065,105.2105673,3469.298734,103.0448136,3510.958392,99.50704777
-99,-99,-99,-99,-99,-99,3163.843073,108.8247147,3089.609105,133.834279,3139.248978,129.6359108,3196.669637,124.4204182,3250.478184,119.9690628,3300.361364,116.0024066,3339.170373,113.9276044,3378.264816,111.4539921,3416.577331,108.8270289,3452.780303,106.5069822,3494.857445,102.7519506
-99,-99,-99,-99,-99,-99,3147.376992,113.0489205,3071.233663,139.0666738,3120.703727,134.6191052,3178.575978,129.0978011,3232.593702,124.4123147,3282.77422,120.2380775,3322.048332,117.9535304,3361.394297,115.3229845,3399.832505,112.5698483,3436.300817,110.083309,3478.645905,106.099597
-99,-99,-99,-99,-99,-99,3131.3066,117.3749811,3052.873833,144.4867947,3102.345974,139.7634621,3160.339556,133.9716461,3214.657614,129.0294684,3265.089259,124.6370352,3304.98005,122.1246108,3344.602173,119.3250848,3383.263328,116.4234751,3419.798689,113.78258,3462.46731,109.5634497
-99,-99,-99,-99,-99,-99,3115.804682,121.8485545,3034.543868,150.0858267,3083.609377,145.1357267,3142.205684,139.0266957,3196.926092,133.7925237,3247.450892,129.2001139,3287.792376,126.4479697,3327.749912,123.4713992,3366.630289,120.427936,3403.521631,117.6018722,3446.580614,113.1242633
-99,-99,-99,-99,-99,-99,3100.891841,126.4342942,3016.78383,155.8013964,3064.890812,150.6966628,3123.823098,144.2798418,3178.973025,138.7577114,3229.617439,133.9391869,3270.637496,130.9282281,3310.896389,127.7624175,3349.897754,124.578415,3387.127226,121.5551398,3430.585925,116.8179275
-99,-99,-99,-99,-99,-99,3086.886054,131.1345862,2999.569161,161.5955136,3046.073939,156.4593327,3105.334945,149.7286444,3160.976344,143.9210421,3212.186932,138.832495,3253.615759,135.5668521,3294.065755,132.2057144,3333.112322,128.8747385,3370.677598,125.6410282,3414.678745,120.6258364
-99,-99,-99,-99,-99,-99,3073.846164,135.9253484,2982.780116,167.4840539,3027.1445,162.3992713,3086.789429,155.3855185,3143.029962,149.2731087,3194.5044,143.9237521,3236.451737,140.3785323,3277.265318,136.8095301,3316.383241,133.3218954,3354.382788,129.868768,3398.678101,124.5717303
-99,-99,-99,-99,-99,-99,3062.713377,140.6774036,2967.470241,173.3112219,3008.259756,168.5695733,3068.363347,161.2262617,3124.974374,154.8100443,3176.663803,149.2098315,3219.530221,145.3457027,3260.359493,141.5741938,3299.658117,137.9258881,3337.926001,134.2453594,3382.727305,128.638604
-99,-99,-99,-99,-99,-99,3053.916994,145.3473003,2952.622471,179.3184067,2989.745887,174.8596989,3049.444413,167.290921,3106.8431,160.5539575,3158.988904,154.6902756,3202.347066,150.5052465,3243.575644,146.5005719,3282.883808,142.6876703,3321.58039,138.7662107,3366.784198,132.8461007
-99,-99,-99,-99,-99,-99,3048.41886,149.8389037,2939.206841,185.3237319,2971.515167,181.2381739,3030.807382,173.5449068,3088.524114,166.5216811,3141.132343,160.3796395,3185.208845,155.855627,3227.141138,151.5736673,3266.42148,147.6016561,3305.245836,143.447748,3350.755343,137.1778487