{
   "module":"mFitplane",

   "function":"mFitplane",

   "desc" : "mFitplane uses least squares to fit a plane (excluding outlier pixels) to an image.",

   "arguments":
   [
      {"type":"string",                    "name":"input_file",    "desc":"FITS file for plane fitting."},
      {"type":"boolean", "default":false,  "name":"levelOnly",     "desc":"Only fit for level difference not a full plane with slopes."},
      {"type":"int",     "default":0,      "name":"border",        "desc":"Exclude a pixel border from the fitting."},
      {"type":"int",     "default":0,      "name":"debug",         "desc":"Debugging output level."} 
   ],
   
   "return":
   [
      {"type":"int",                       "name":"status",        "desc":"Return status (0: OK, 1:ERROR)."},
      {"type":"string",                    "name":"msg",           "desc":"Return message (for errors)."},
      {"type":"double",                    "name":"a",              "desc":"Plane fit coefficient for X axis."},
      {"type":"double",                    "name":"b",              "desc":"Plane fit coefficient for Y axis."},
      {"type":"double",                    "name":"c",              "desc":"Plane fit constant offset."},
      {"type":"double",                    "name":"crpix1",         "desc":"X-axis pixel coordinate for center of region."},
      {"type":"double",                    "name":"crpix2",         "desc":"Y-axis pixel coordinate for center of region."},
      {"type":"double",                    "name":"xmin",           "desc":"Minimum X-axis value."},
      {"type":"double",                    "name":"xmax",           "desc":"Maximum X-axis value."},
      {"type":"double",                    "name":"ymin",           "desc":"Minimum Y-axis value."},
      {"type":"double",                    "name":"ymax",           "desc":"Maximum Y-axis value."},
      {"type":"double",                    "name":"xcenter",        "desc":"Center X location."},
      {"type":"double",                    "name":"ycenter",        "desc":"Center Y location."},
      {"type":"int",                       "name":"npixel",         "desc":"Total number of pixels fit."},
      {"type":"double",                    "name":"rms",            "desc":"RMS of fit (pixels with large offset values were excluded in fit)."},
      {"type":"double",                    "name":"boxx",           "desc":"Rectanguar bounding box X center."},
      {"type":"double",                    "name":"boxy",           "desc":"Rectanguar bounding box Y center."},
      {"type":"double",                    "name":"boxwidth",       "desc":"Rectanguar bounding box width."},
      {"type":"double",                    "name":"boxheight",      "desc":"Rectanguar bounding box height."},
      {"type":"double",                    "name":"boxang",         "desc":"Rectanguar bounding box rotation angle."}
   ]
}
