{
   "module":"mAddCube",

   "function":"mAddCube",

   "desc" : "mAddCube coadds as set of datacubes that have been reprojected to the same pixel framework into a final mosaic.",

   "arguments":
   [
      {"type":"string",                    "name":"path",          "desc":"Directory containing files to be coadded."},
      {"type":"string",                    "name":"tblfile",       "desc":"Table file list of reprojected files to coadded."},
      {"type":"string",                    "name":"template_file", "desc":"FITS header file used to define the desired output."},
      {"type":"string",                    "name":"outfile",       "desc":"Final mosaic FITS file."},
      {"type":"boolean", "default":false,  "name":"shrink",        "desc":"Shrink-wrap to remove blank border areas."},
      {"type":"boolean", "default":false,  "name":"haveAreas",     "desc":"Area files exist for weighting the coadd."},
      {"type":"int",     "default":0,      "name":"coadd",         "desc":"Image stacking: 0(MEAN), 1(MEDIAN), 2(COUNT)."},
      {"type":"int",     "default":0,      "name":"debug",         "desc":"Debugging output level."} 
   ],
   
   "return":
   [
      {"type":"int",                       "name":"status",        "desc":"Return status (0: OK, 1:ERROR)."},
      {"type":"string",                    "name":"msg",           "desc":"Return message (for errors)."},
      {"type":"double",                    "name":"time",          "desc":"Total processing time (sec)."}
   ]
}
